{
	"credit": "Made with Blockbench",
	"textures": {
		"0": "item/asa",
		"particle": "item/asa"
	},
	"elements": [
		{
			"from": [0, 0, 0],
			"to": [1, 2, 1],
			"faces": {
				"north": {"uv": [0, 0, 1.18182, 2.30769], "texture": "#0"},
				"east": {"uv": [1.18182, 0, 2.36364, 2.30769], "texture": "#0"},
				"south": {"uv": [4.72727, 5.76923, 5.90909, 8.07692], "texture": "#0"},
				"west": {"uv": [14.36364, 5.61538, 15.54545, 7.92308], "texture": "#0"},
				"up": {"uv": [7.09091, 6.92308, 5.90909, 5.76923], "texture": "#0"},
				"down": {"uv": [8.27273, 5.76923, 7.09091, 6.92308], "texture": "#0"}
			}
		},
		{
			"from": [0, 2, 0],
			"to": [2, 3, 1],
			"rotation": {"angle": 0, "axis": "y", "origin": [0, 2, 0]},
			"faces": {
				"north": {"uv": [0, 0, 2.36364, 1.15385], "texture": "#0"},
				"east": {"uv": [0, 0, 1.18182, 1.15385], "texture": "#0"},
				"south": {"uv": [0, 0, 2.36364, 1.15385], "texture": "#0"},
				"west": {"uv": [0, 0, 1.18182, 1.15385], "texture": "#0"},
				"up": {"uv": [0, 0, 2.36364, 1.15385], "texture": "#0"},
				"down": {"uv": [0, 0, 2.36364, 1.15385], "texture": "#0"}
			}
		},
		{
			"from": [0, 3, -1],
			"to": [2, 5, 1],
			"rotation": {"angle": 0, "axis": "y", "origin": [0, 3, -1]},
			"faces": {
				"north": {"uv": [0, 0, 2.36364, 2.30769], "texture": "#0"},
				"east": {"uv": [0, 0, 2.36364, 2.30769], "texture": "#0"},
				"south": {"uv": [0, 0, 2.36364, 2.30769], "texture": "#0"},
				"west": {"uv": [0, 0, 2.36364, 2.30769], "texture": "#0"},
				"up": {"uv": [0, 0, 2.36364, 2.30769], "texture": "#0"},
				"down": {"uv": [0, 0, 2.36364, 2.30769], "texture": "#0"}
			}
		},
		{
			"from": [0, 5, 0],
			"to": [2, 11, 2],
			"rotation": {"angle": 0, "axis": "y", "origin": [0, 5, 0]},
			"faces": {
				"north": {"uv": [0.72727, 9.07692, 3.09091, 16], "texture": "#0"},
				"east": {"uv": [6.72727, 9.07692, 9.09091, 16], "texture": "#0"},
				"south": {"uv": [2.72727, 1.46154, 5.09091, 8.38462], "texture": "#0"},
				"west": {"uv": [10.72727, 4.46154, 13.09091, 11.38462], "texture": "#0"},
				"up": {"uv": [0, 0, 2.36364, 2.30769], "texture": "#0"},
				"down": {"uv": [0, 0, 2.36364, 2.30769], "texture": "#0"}
			}
		},
		{
			"from": [0, 19, 0],
			"to": [2, 25, 2],
			"rotation": {"angle": 0, "axis": "y", "origin": [0, 19, 0]},
			"faces": {
				"north": {"uv": [1, 7.46154, 3.36364, 14.38462], "texture": "#0"},
				"east": {"uv": [7.72727, 9.07692, 10.09091, 16], "texture": "#0"},
				"south": {"uv": [10.63636, 8.07692, 13, 15], "texture": "#0"},
				"west": {"uv": [10.45455, 0.15385, 12.81818, 7.07692], "texture": "#0"},
				"up": {"uv": [0, 0, 2.36364, 2.30769], "texture": "#0"},
				"down": {"uv": [12, 9, 14.36364, 11.30769], "texture": "#0"}
			}
		},
		{
			"from": [0, 25, 0],
			"to": [2, 26, 3],
			"rotation": {"angle": 0, "axis": "y", "origin": [0, 25, 0]},
			"faces": {
				"north": {"uv": [0, 0, 2.36364, 1.15385], "texture": "#0"},
				"east": {"uv": [0, 0, 3.54545, 1.15385], "texture": "#0"},
				"south": {"uv": [0, 0, 2.36364, 1.15385], "texture": "#0"},
				"west": {"uv": [0, 0, 3.54545, 1.15385], "texture": "#0"},
				"up": {"uv": [13.63636, 7.46154, 16, 10.92308], "texture": "#0"},
				"down": {"uv": [9.72727, 8.07692, 12.09091, 11.53846], "texture": "#0"}
			}
		},
		{
			"from": [0, 26, 1],
			"to": [2, 27, 4],
			"rotation": {"angle": 0, "axis": "y", "origin": [0, 26, 1]},
			"faces": {
				"north": {"uv": [0, 0, 2.36364, 1.15385], "texture": "#0"},
				"east": {"uv": [0, 0, 3.54545, 1.15385], "texture": "#0"},
				"south": {"uv": [0, 0, 2.36364, 1.15385], "texture": "#0"},
				"west": {"uv": [0, 0, 3.54545, 1.15385], "texture": "#0"},
				"up": {"uv": [3.72727, 10.46154, 6.09091, 13.92308], "texture": "#0"},
				"down": {"uv": [6.72727, 0.46154, 9.09091, 3.92308], "texture": "#0"}
			}
		},
		{
			"from": [-1, 26, 1],
			"to": [0, 27, 5],
			"rotation": {"angle": 0, "axis": "y", "origin": [-1, 26, 1]},
			"faces": {
				"north": {"uv": [0, 0, 1.18182, 1.15385], "texture": "#0"},
				"east": {"uv": [0, 0, 4.72727, 1.15385], "texture": "#0"},
				"south": {"uv": [0, 0, 1.18182, 1.15385], "texture": "#0"},
				"west": {"uv": [0, 0, 4.72727, 1.15385], "texture": "#0"},
				"up": {"uv": [10.72727, 2.46154, 11.90909, 7.07692], "texture": "#0"},
				"down": {"uv": [1.72727, 2.46154, 2.90909, 7.07692], "texture": "#0"}
			}
		},
		{
			"from": [2, 25, 1],
			"to": [3, 26, 3],
			"rotation": {"angle": 0, "axis": "y", "origin": [2, 25, 1]},
			"faces": {
				"north": {"uv": [0, 0, 1.18182, 1.15385], "texture": "#0"},
				"east": {"uv": [0, 0, 2.36364, 1.15385], "texture": "#0"},
				"south": {"uv": [0, 0, 1.18182, 1.15385], "texture": "#0"},
				"west": {"uv": [0, 0, 2.36364, 1.15385], "texture": "#0"},
				"up": {"uv": [0, 0, 1.18182, 2.30769], "texture": "#0"},
				"down": {"uv": [0, 0, 1.18182, 2.30769], "texture": "#0"}
			}
		},
		{
			"from": [-1, 25, 1],
			"to": [0, 26, 3],
			"rotation": {"angle": 0, "axis": "y", "origin": [-1, 25, 1]},
			"faces": {
				"north": {"uv": [0, 0, 1.18182, 1.15385], "texture": "#0"},
				"east": {"uv": [0, 0, 2.36364, 1.15385], "texture": "#0"},
				"south": {"uv": [0, 0, 1.18182, 1.15385], "texture": "#0"},
				"west": {"uv": [0, 0, 2.36364, 1.15385], "texture": "#0"},
				"up": {"uv": [0, 0, 1.18182, 2.30769], "texture": "#0"},
				"down": {"uv": [0, 0, 1.18182, 2.30769], "texture": "#0"}
			}
		},
		{
			"from": [1, 11, 0],
			"to": [2, 19, 1],
			"rotation": {"angle": 0, "axis": "y", "origin": [1, 11, 0]},
			"faces": {
				"north": {"uv": [10.72727, 0, 11.90909, 9.23077], "texture": "#0"},
				"east": {"uv": [4.72727, 3.46154, 5.90909, 12.69231], "texture": "#0"},
				"south": {"uv": [6.72727, 6.76923, 7.90909, 16], "texture": "#0"},
				"west": {"uv": [1.72727, 0.46154, 2.90909, 9.69231], "texture": "#0"},
				"up": {"uv": [0, 0, 1.18182, 1.15385], "texture": "#0"},
				"down": {"uv": [0, 0, 1.18182, 1.15385], "texture": "#0"}
			}
		},
		{
			"from": [0, 11, 1],
			"to": [1, 19, 2],
			"rotation": {"angle": 0, "axis": "y", "origin": [0, 11, 1]},
			"faces": {
				"north": {"uv": [7.72727, 0.46154, 8.90909, 9.69231], "texture": "#0"},
				"east": {"uv": [4.72727, 3.46154, 5.90909, 12.69231], "texture": "#0"},
				"south": {"uv": [10.72727, 5.46154, 11.90909, 14.69231], "texture": "#0"},
				"west": {"uv": [2.72727, 1.46154, 3.90909, 10.69231], "texture": "#0"},
				"up": {"uv": [0, 0, 1.18182, 1.15385], "texture": "#0"},
				"down": {"uv": [0, 0, 1.18182, 1.15385], "texture": "#0"}
			}
		}
	],
	"display": {
		"thirdperson_righthand": {
			"rotation": [49, 14, 4],
			"translation": [9.25, -8.5, -0.25]
		},
		"thirdperson_lefthand": {
			"rotation": [49, 14, 4],
			"translation": [-5, -12.25, 0.75]
		},
		"firstperson_righthand": {
			"translation": [17, -14, 0]
		},
		"firstperson_lefthand": {
			"translation": [3.25, -14, 0]
		},
		"ground": {
			"translation": [8.5, 0, 9.75],
			"scale": [1.5, 1.5, 1.5]
		},
		"gui": {
			"rotation": [0, 0, -42],
			"translation": [2, -9, 0]
		},
		"head": {
			"rotation": [64, 31, -77],
			"translation": [-2, -21, 1.25],
			"scale": [0.65, 0.68, 0.71]
		},
		"fixed": {
			"rotation": [0, 90, 0],
			"translation": [7.5, -6, -6.75]
		}
	}
}