{
	"credit": "Made with Blockbench",
	"texture_size": [32, 32],
	"textures": {
		"0": "item/balloon",
		"particle": "item/balloon"
	},
	"elements": [
		{
			"from": [5, 17, 7],
			"to": [7, 19, 9],
			"rotation": {"angle": 0, "axis": "y", "origin": [6.5, 24.75, 7.5]},
			"faces": {
				"north": {"uv": [4, 14.5, 5.5, 15.75], "texture": "#0"},
				"east": {"uv": [4, 14.5, 5.5, 15.75], "texture": "#0"},
				"south": {"uv": [4, 14.5, 5.5, 15.75], "texture": "#0"},
				"west": {"uv": [4, 14.5, 5.5, 15.75], "texture": "#0"},
				"up": {"uv": [4, 14.5, 5.5, 15.75], "texture": "#0"},
				"down": {"uv": [4, 14.5, 5.5, 15.75], "texture": "#0"}
			}
		},
		{
			"from": [6, -1, 8],
			"to": [6.1, 17, 8.1],
			"rotation": {"angle": 0, "axis": "y", "origin": [7.5, 6.75, 8.5]},
			"faces": {
				"north": {"uv": [0, 4.75, 0.27778, 5.25], "texture": "#0"},
				"east": {"uv": [0.30556, 4.75, 0.58333, 5.25], "texture": "#0"},
				"south": {"uv": [0.11111, 4.75, 0.38889, 5.25], "texture": "#0"},
				"west": {"uv": [0.16667, 4.75, 0.44444, 5.25], "texture": "#0"},
				"up": {"uv": [0.5, 5.26389, 0.22222, 5.25], "texture": "#0"},
				"down": {"uv": [0.5, 5.27778, 0.22222, 5.29167], "texture": "#0"}
			}
		},
		{
			"from": [4, 19, 6],
			"to": [8, 20, 10],
			"rotation": {"angle": 0, "axis": "y", "origin": [6.5, 24.75, 7.5]},
			"faces": {
				"north": {"uv": [3.5, 13.75, 6, 14.5], "texture": "#0"},
				"east": {"uv": [3.5, 13.75, 6, 14.5], "texture": "#0"},
				"south": {"uv": [3.5, 13.75, 6, 14.5], "texture": "#0"},
				"west": {"uv": [3.5, 13.75, 6, 14.5], "texture": "#0"},
				"up": {"uv": [2.75, 7.5, 4.75, 9.5], "texture": "#0"},
				"down": {"uv": [3, 6.75, 5, 8.75], "texture": "#0"}
			}
		},
		{
			"from": [3, 20, 6],
			"to": [4, 21, 10],
			"rotation": {"angle": 0, "axis": "y", "origin": [6.5, 24.75, 7.5]},
			"faces": {
				"north": {"uv": [3.5, 8.5, 4, 9], "texture": "#0"},
				"east": {"uv": [3.25, 13.25, 6.5, 13.75], "texture": "#0"},
				"south": {"uv": [3.5, 8.5, 4, 9], "texture": "#0"},
				"west": {"uv": [3.25, 13.25, 6.5, 13.75], "texture": "#0"},
				"up": {"uv": [3.5, 8.5, 4, 10.5], "texture": "#0"},
				"down": {"uv": [3.5, 8.5, 4, 10.5], "texture": "#0"}
			}
		},
		{
			"from": [8, 20, 6],
			"to": [9, 21, 10],
			"rotation": {"angle": 0, "axis": "y", "origin": [11.5, 24.75, 7.5]},
			"faces": {
				"north": {"uv": [3.5, 8.5, 4, 9], "texture": "#0"},
				"east": {"uv": [3.25, 13.25, 6.5, 13.75], "texture": "#0"},
				"south": {"uv": [3.5, 8.5, 4, 9], "texture": "#0"},
				"west": {"uv": [3.25, 13.25, 6.5, 13.75], "texture": "#0"},
				"up": {"uv": [3.5, 8.5, 4, 10.5], "texture": "#0"},
				"down": {"uv": [3.5, 8.5, 4, 10.5], "texture": "#0"}
			}
		},
		{
			"from": [4, 20, 10],
			"to": [8, 21, 11],
			"rotation": {"angle": 0, "axis": "y", "origin": [5.5, 24.75, 7.5]},
			"faces": {
				"north": {"uv": [3.25, 13.25, 6.5, 13.75], "texture": "#0"},
				"east": {"uv": [3.5, 8.5, 4, 9], "texture": "#0"},
				"south": {"uv": [3.25, 13.25, 6.5, 13.75], "texture": "#0"},
				"west": {"uv": [3.5, 8.5, 4, 9], "texture": "#0"},
				"up": {"uv": [3.5, 8.5, 4, 10.5], "rotation": 270, "texture": "#0"},
				"down": {"uv": [3.5, 8.5, 4, 10.5], "rotation": 90, "texture": "#0"}
			}
		},
		{
			"from": [4, 20, 5],
			"to": [8, 21, 6],
			"rotation": {"angle": 0, "axis": "y", "origin": [5.5, 24.75, 2.5]},
			"faces": {
				"north": {"uv": [3.25, 13.25, 6.5, 13.75], "texture": "#0"},
				"east": {"uv": [3.5, 8.5, 4, 9], "texture": "#0"},
				"south": {"uv": [3.25, 13.25, 6.5, 13.75], "texture": "#0"},
				"west": {"uv": [3.5, 8.5, 4, 9], "texture": "#0"},
				"up": {"uv": [3.5, 8.5, 4, 10.5], "rotation": 270, "texture": "#0"},
				"down": {"uv": [3.5, 8.5, 4, 10.5], "rotation": 90, "texture": "#0"}
			}
		},
		{
			"from": [3, 21, 5],
			"to": [9, 22, 11],
			"rotation": {"angle": 0, "axis": "y", "origin": [6.5, 24.75, 7.5]},
			"faces": {
				"north": {"uv": [2.5, 12.25, 6.75, 12.75], "texture": "#0"},
				"east": {"uv": [2.5, 12.25, 6.75, 12.75], "texture": "#0"},
				"south": {"uv": [2.5, 12.25, 6.75, 12.75], "texture": "#0"},
				"west": {"uv": [2.5, 12.25, 6.75, 12.75], "texture": "#0"},
				"up": {"uv": [2, 7, 5, 10], "texture": "#0"},
				"down": {"uv": [2.25, 7, 5.25, 10], "texture": "#0"}
			}
		},
		{
			"from": [3, 31, 5],
			"to": [9, 32, 11],
			"rotation": {"angle": 0, "axis": "y", "origin": [6.5, 34.75, 7.5]},
			"faces": {
				"north": {"uv": [2.75, 5.25, 7, 5.75], "texture": "#0"},
				"east": {"uv": [2.75, 5.25, 7, 5.75], "texture": "#0"},
				"south": {"uv": [2.75, 5.25, 7, 5.75], "texture": "#0"},
				"west": {"uv": [2.75, 5.25, 7, 5.75], "texture": "#0"},
				"up": {"uv": [10.25, 10.75, 14.75, 15], "texture": "#0"},
				"down": {"uv": [2, 8, 5, 11], "texture": "#0"}
			}
		},
		{
			"from": [9, 22, 5],
			"to": [10, 23, 11],
			"rotation": {"angle": 0, "axis": "y", "origin": [6.5, 24.75, 7.5]},
			"faces": {
				"north": {"uv": [6.75, 11.75, 7.25, 12.25], "texture": "#0"},
				"east": {"uv": [2.5, 11.75, 6.75, 12.25], "texture": "#0"},
				"south": {"uv": [2, 11.75, 2.5, 12.25], "texture": "#0"},
				"west": {"uv": [2.5, 11.75, 6.75, 12.25], "texture": "#0"},
				"up": {"uv": [10.25, 10.5, 10.75, 13.5], "texture": "#0"},
				"down": {"uv": [10, 11, 10.5, 14], "texture": "#0"}
			}
		},
		{
			"from": [2, 22, 5],
			"to": [3, 23, 11],
			"rotation": {"angle": 0, "axis": "y", "origin": [-0.5, 24.75, 7.5]},
			"faces": {
				"north": {"uv": [6.75, 11.75, 7.25, 12.25], "texture": "#0"},
				"east": {"uv": [2.5, 11.75, 6.75, 12.25], "texture": "#0"},
				"south": {"uv": [2, 11.75, 2.5, 12.25], "texture": "#0"},
				"west": {"uv": [2.5, 11.75, 6.75, 12.25], "texture": "#0"},
				"up": {"uv": [10.25, 10.5, 10.75, 13.5], "texture": "#0"},
				"down": {"uv": [10, 11, 10.5, 14], "texture": "#0"}
			}
		},
		{
			"from": [3, 22, 11],
			"to": [9, 23, 12],
			"rotation": {"angle": 0, "axis": "y", "origin": [6.5, 24.75, 7.5]},
			"faces": {
				"north": {"uv": [2.5, 11.5, 7, 12], "texture": "#0"},
				"east": {"uv": [7, 11.5, 7.5, 12], "texture": "#0"},
				"south": {"uv": [3, 11.5, 6, 12], "texture": "#0"},
				"west": {"uv": [2, 11.5, 2.5, 12], "texture": "#0"},
				"up": {"uv": [10.5, 11.25, 11, 14.25], "rotation": 270, "texture": "#0"},
				"down": {"uv": [9.75, 11.25, 10.25, 14.25], "rotation": 90, "texture": "#0"}
			}
		},
		{
			"from": [3, 22, 4],
			"to": [9, 23, 5],
			"rotation": {"angle": 0, "axis": "y", "origin": [6.5, 24.75, 0.5]},
			"faces": {
				"north": {"uv": [2.5, 11.5, 7, 12], "texture": "#0"},
				"east": {"uv": [7, 11.5, 7.5, 12], "texture": "#0"},
				"south": {"uv": [1.5, 4.5, 4.5, 5], "texture": "#0"},
				"west": {"uv": [2, 11.5, 2.5, 12], "texture": "#0"},
				"up": {"uv": [10.5, 11.25, 11, 14.25], "rotation": 270, "texture": "#0"},
				"down": {"uv": [9.75, 11.25, 10.25, 14.25], "rotation": 90, "texture": "#0"}
			}
		},
		{
			"from": [3, 30, 4],
			"to": [9, 31, 5],
			"rotation": {"angle": 0, "axis": "y", "origin": [6.5, 32.75, 0.5]},
			"faces": {
				"north": {"uv": [2.25, 5.75, 6.75, 6.25], "texture": "#0"},
				"east": {"uv": [6.75, 5.75, 7.25, 6.25], "texture": "#0"},
				"south": {"uv": [1.5, 0.5, 4.5, 1], "texture": "#0"},
				"west": {"uv": [1.75, 5.75, 2.25, 6.25], "texture": "#0"},
				"up": {"uv": [10.5, 11.25, 11, 14.25], "rotation": 270, "texture": "#0"},
				"down": {"uv": [9.75, 11.25, 10.25, 14.25], "rotation": 90, "texture": "#0"}
			}
		},
		{
			"from": [3, 30, 11],
			"to": [9, 31, 12],
			"rotation": {"angle": 0, "axis": "y", "origin": [6.5, 32.75, 7.5]},
			"faces": {
				"north": {"uv": [2.5, 11.5, 7, 12], "texture": "#0"},
				"east": {"uv": [7, 11.5, 7.5, 12], "texture": "#0"},
				"south": {"uv": [1.75, 6, 7.5, 6.5], "texture": "#0"},
				"west": {"uv": [2, 11.5, 2.5, 12], "texture": "#0"},
				"up": {"uv": [10.5, 11.25, 11, 14.25], "rotation": 270, "texture": "#0"},
				"down": {"uv": [9.75, 11.25, 10.25, 14.25], "rotation": 90, "texture": "#0"}
			}
		},
		{
			"from": [9, 30, 5],
			"to": [10, 31, 11],
			"rotation": {"angle": 0, "axis": "y", "origin": [5.5, 32.75, 7.5]},
			"faces": {
				"north": {"uv": [7, 11.5, 7.5, 12], "texture": "#0"},
				"east": {"uv": [1.75, 6.5, 7.25, 7], "texture": "#0"},
				"south": {"uv": [2, 11.5, 2.5, 12], "texture": "#0"},
				"west": {"uv": [2.5, 11.5, 7, 12], "texture": "#0"},
				"up": {"uv": [10.5, 11.25, 11, 14.25], "rotation": 180, "texture": "#0"},
				"down": {"uv": [9.75, 11.25, 10.25, 14.25], "rotation": 180, "texture": "#0"}
			}
		},
		{
			"from": [2, 30, 5],
			"to": [3, 31, 11],
			"rotation": {"angle": 0, "axis": "y", "origin": [-1.5, 32.75, 7.5]},
			"faces": {
				"north": {"uv": [6.75, 5.75, 7.25, 6.25], "texture": "#0"},
				"east": {"uv": [10.5, 0.5, 13.5, 1], "texture": "#0"},
				"south": {"uv": [1.75, 5.75, 2.25, 6.25], "texture": "#0"},
				"west": {"uv": [2.25, 5.75, 6.75, 6.25], "texture": "#0"},
				"up": {"uv": [10.5, 11.25, 11, 14.25], "rotation": 180, "texture": "#0"},
				"down": {"uv": [9.75, 11.25, 10.25, 14.25], "rotation": 180, "texture": "#0"}
			}
		},
		{
			"from": [2, 23, 4],
			"to": [10, 24, 12],
			"rotation": {"angle": 0, "axis": "y", "origin": [6.5, 24.75, 7.5]},
			"faces": {
				"north": {"uv": [1.75, 10.5, 7.5, 11], "texture": "#0"},
				"east": {"uv": [1.75, 10.5, 7.5, 11], "texture": "#0"},
				"south": {"uv": [1.75, 10.5, 7.5, 11], "texture": "#0"},
				"west": {"uv": [1.75, 10.5, 7.25, 11], "texture": "#0"},
				"up": {"uv": [10.75, 11.25, 14.75, 15.25], "texture": "#0"},
				"down": {"uv": [10.75, 11, 14.75, 15], "texture": "#0"}
			}
		},
		{
			"from": [2, 29, 4],
			"to": [10, 30, 12],
			"rotation": {"angle": 0, "axis": "y", "origin": [6.5, 30.75, 7.5]},
			"faces": {
				"north": {"uv": [1.75, 7, 7.5, 7.5], "texture": "#0"},
				"east": {"uv": [1.75, 7, 7.5, 7.5], "texture": "#0"},
				"south": {"uv": [1.75, 7, 7.5, 7.5], "texture": "#0"},
				"west": {"uv": [1.75, 7, 7.25, 7.5], "texture": "#0"},
				"up": {"uv": [10.75, 11.25, 14.75, 15.25], "texture": "#0"},
				"down": {"uv": [10.75, 11, 14.75, 15], "texture": "#0"}
			}
		},
		{
			"from": [2, 24, 12],
			"to": [10, 29, 13],
			"rotation": {"angle": 0, "axis": "y", "origin": [6.5, 24.75, 7.5]},
			"faces": {
				"north": {"uv": [1.5, 7.5, 7.75, 10.25], "texture": "#0"},
				"east": {"uv": [2.75, 7.75, 3.25, 10.25], "texture": "#0"},
				"south": {"uv": [1.5, 7.5, 7.75, 10.25], "texture": "#0"},
				"west": {"uv": [3.75, 8, 4.25, 10.5], "texture": "#0"},
				"up": {"uv": [3.5, 6.5, 4, 10.5], "rotation": 90, "texture": "#0"},
				"down": {"uv": [3.5, 7, 4, 11], "rotation": 270, "texture": "#0"}
			}
		},
		{
			"from": [2, 24, 3],
			"to": [10, 29, 4],
			"rotation": {"angle": 0, "axis": "y", "origin": [6.5, 24.75, -1.5]},
			"faces": {
				"north": {"uv": [1.5, 7.5, 7.75, 10.25], "texture": "#0"},
				"east": {"uv": [2.75, 7.75, 3.25, 10.25], "texture": "#0"},
				"south": {"uv": [1.5, 7.5, 7.75, 10.25], "texture": "#0"},
				"west": {"uv": [3.75, 8, 4.25, 10.5], "texture": "#0"},
				"up": {"uv": [3.5, 6.5, 4, 10.5], "rotation": 90, "texture": "#0"},
				"down": {"uv": [3.5, 7, 4, 11], "rotation": 270, "texture": "#0"}
			}
		},
		{
			"from": [1, 24, 4],
			"to": [2, 29, 12],
			"rotation": {"angle": 0, "axis": "y", "origin": [-3.5, 24.75, 7.5]},
			"faces": {
				"north": {"uv": [2.75, 7.75, 3.25, 10.25], "texture": "#0"},
				"east": {"uv": [1.5, 7.5, 7.75, 10.25], "texture": "#0"},
				"south": {"uv": [3.75, 8, 4.25, 10.5], "texture": "#0"},
				"west": {"uv": [1.5, 7.5, 7.75, 10.25], "texture": "#0"},
				"up": {"uv": [3.5, 6.5, 4, 10.5], "texture": "#0"},
				"down": {"uv": [3.5, 7, 4, 11], "texture": "#0"}
			}
		},
		{
			"from": [10, 24, 4],
			"to": [11, 29, 12],
			"rotation": {"angle": 0, "axis": "y", "origin": [5.5, 24.75, 7.5]},
			"faces": {
				"north": {"uv": [2.75, 7.75, 3.25, 10.25], "texture": "#0"},
				"east": {"uv": [1.5, 7.5, 7.75, 10.25], "texture": "#0"},
				"south": {"uv": [3.75, 8, 4.25, 10.5], "texture": "#0"},
				"west": {"uv": [1.5, 7.5, 7.75, 10.25], "texture": "#0"},
				"up": {"uv": [3.5, 6.5, 4, 10.5], "texture": "#0"},
				"down": {"uv": [3.5, 7, 4, 11], "texture": "#0"}
			}
		}
	],
	"display": {
		"thirdperson_righthand": {
			"rotation": [54.25, 0, 0],
			"translation": [2.25, 5.25, 9]
		},
		"thirdperson_lefthand": {
			"rotation": [54.25, 0, 0],
			"translation": [-1.75, 5.25, 9]
		},
		"firstperson_righthand": {
			"translation": [5.75, 4.5, 0]
		},
		"firstperson_lefthand": {
			"translation": [2.75, 4.5, 0]
		},
		"ground": {
			"translation": [0, 8.25, 0],
			"scale": [1.2, 1.2, 1.2]
		},
		"gui": {
			"translation": [2.25, -16.25, 0]
		},
		"head": {
			"translation": [2, 12.75, 0]
		},
		"fixed": {
			"translation": [2, -16.25, 0]
		}
	},
	"groups": [
		{
			"name": "group",
			"origin": [-2, 14, -2],
			"color": 0,
			"children": [0, 1, 2, 3, 4, 5, 6, 7, 8, 9, 10, 11, 12, 13, 14, 15, 16, 17, 18, 19, 20, 21, 22]
		}
	]
}