{
	"credit": "Made with Blockbench",
	"textures": {
		"0": "item/camera",
		"particle": "item/camera"
	},
	"elements": [
		{
			"from": [0, 0, 0],
			"to": [10, 9, 19],
			"faces": {
				"north": {"uv": [10.875, 8.75, 12.625, 10.625], "texture": "#0"},
				"east": {"uv": [3.25, 3.375, 9.125, 6.75], "texture": "#0"},
				"south": {"uv": [3.75, 7.875, 5.125, 9], "texture": "#0"},
				"west": {"uv": [0, 12.25, 9.25, 16], "texture": "#0"},
				"up": {"uv": [0.5, 12.5, 2.75, 13.5], "texture": "#0"},
				"down": {"uv": [0.25, 12.375, 1.625, 13.625], "texture": "#0"}
			}
		},
		{
			"from": [1, 1, 19],
			"to": [9, 8, 21],
			"rotation": {"angle": 0, "axis": "y", "origin": [1, 6, 19]},
			"faces": {
				"north": {"uv": [14.25, 0, 16, 5.125], "texture": "#0"},
				"east": {"uv": [14, 0, 16, 5.25], "texture": "#0"},
				"south": {"uv": [14.125, 0, 16, 5.375], "texture": "#0"},
				"west": {"uv": [14.625, 0, 16, 4.875], "texture": "#0"},
				"up": {"uv": [14.5, 0, 16, 2], "texture": "#0"},
				"down": {"uv": [14.75, 0, 16, 3.5], "texture": "#0"}
			}
		},
		{
			"from": [-1, -1, 21],
			"to": [11, 10, 27],
			"rotation": {"angle": 0, "axis": "y", "origin": [-1, 4, 21]},
			"faces": {
				"north": {"uv": [14.375, 0, 16, 4.375], "texture": "#0"},
				"east": {"uv": [14, 12, 16, 16], "texture": "#0"},
				"south": {"uv": [9.75, 11.875, 13.75, 16], "texture": "#0"},
				"west": {"uv": [11.125, 0, 12.375, 4.5], "texture": "#0"},
				"up": {"uv": [11.25, 0, 12.25, 4.25], "texture": "#0"},
				"down": {"uv": [14.375, 0, 16, 3.625], "texture": "#0"}
			}
		},
		{
			"from": [0, 0, -4],
			"to": [10, 11, 0],
			"rotation": {"angle": 0, "axis": "y", "origin": [0, 5, -4]},
			"faces": {
				"north": {"uv": [9.75, 7, 13.375, 11.5], "texture": "#0"},
				"east": {"uv": [10.625, 0.75, 12.25, 4.625], "texture": "#0"},
				"south": {"uv": [13.75, 0.375, 16, 3.375], "texture": "#0"},
				"west": {"uv": [10.25, 1.75, 12.125, 4.125], "texture": "#0"},
				"up": {"uv": [5.375, 0, 7.875, 2.875], "texture": "#0"},
				"down": {"uv": [13.875, 1.375, 16, 4.5], "texture": "#0"}
			}
		},
		{
			"from": [0, -2, -6],
			"to": [10, 0, 0],
			"rotation": {"angle": 0, "axis": "y", "origin": [0, 3, -6]},
			"faces": {
				"north": {"uv": [10.625, 1.625, 12.375, 3], "texture": "#0"},
				"east": {"uv": [10.75, 2.25, 11.875, 3.625], "texture": "#0"},
				"south": {"uv": [10.625, 3.25, 12.375, 5], "texture": "#0"},
				"west": {"uv": [10.75, 2.75, 12.125, 4.25], "texture": "#0"},
				"up": {"uv": [10.25, 3, 12.125, 4.875], "texture": "#0"},
				"down": {"uv": [10.75, 3, 12.125, 4.25], "texture": "#0"}
			}
		},
		{
			"from": [4, 9, 3],
			"to": [6, 11, 18],
			"rotation": {"angle": 0, "axis": "y", "origin": [4, 9, 3]},
			"faces": {
				"north": {"uv": [10.625, 8.625, 12.625, 10.625], "texture": "#0"},
				"east": {"uv": [3.875, 10, 5.75, 10.25], "texture": "#0"},
				"south": {"uv": [10.5, 8.5, 12.5, 10.5], "texture": "#0"},
				"west": {"uv": [4.75, 4.125, 7.625, 4.375], "texture": "#0"},
				"up": {"uv": [0, 12.75, 0.5, 15], "texture": "#0"},
				"down": {"uv": [0.5, 12.75, 1.5, 16], "texture": "#0"}
			}
		},
		{
			"from": [2, 1, 17],
			"to": [6, 5, 18],
			"rotation": {"angle": 0, "axis": "y", "origin": [2, 1, 17]},
			"faces": {
				"north": {"uv": [0, 0, 4, 4], "texture": "#missing"},
				"east": {"uv": [0, 0, 1, 4], "texture": "#missing"},
				"south": {"uv": [0, 0, 4, 4], "texture": "#missing"},
				"west": {"uv": [0, 0, 1, 4], "texture": "#missing"},
				"up": {"uv": [0, 0, 4, 1], "texture": "#missing"},
				"down": {"uv": [0, 0, 4, 1], "texture": "#missing"}
			}
		},
		{
			"from": [0, 11, 10],
			"to": [10, 13, 20],
			"rotation": {"angle": 0, "axis": "y", "origin": [0, 11, 10]},
			"faces": {
				"north": {"uv": [10.25, 8.625, 12.75, 10.375], "texture": "#0"},
				"east": {"uv": [10.5, 8.75, 12.75, 10.875], "texture": "#0"},
				"south": {"uv": [10.875, 8.875, 13, 10.875], "texture": "#0"},
				"west": {"uv": [10.875, 8.875, 12.625, 10.375], "texture": "#0"},
				"up": {"uv": [10.5, 8.5, 13, 10.75], "texture": "#0"},
				"down": {"uv": [10.25, 8.4375, 12.65625, 10.75], "texture": "#0"}
			}
		},
		{
			"from": [3, 13, 13],
			"to": [7, 15, 19],
			"rotation": {"angle": 0, "axis": "y", "origin": [3, 13, 13]},
			"faces": {
				"north": {"uv": [0, 0, 4, 2], "texture": "#0"},
				"east": {"uv": [10.625, 8.75, 12.5, 10.75], "texture": "#0"},
				"south": {"uv": [10.375, 8.625, 12.5, 10.625], "texture": "#0"},
				"west": {"uv": [10.5, 8.625, 12.75, 10.875], "texture": "#0"},
				"up": {"uv": [10.625, 8.75, 12.25, 10.625], "texture": "#0"},
				"down": {"uv": [10.375, 8.75, 12.625, 10.75], "texture": "#0"}
			}
		},
		{
			"from": [4, 13, -5],
			"to": [6, 15, 13],
			"rotation": {"angle": 0, "axis": "y", "origin": [4, 13, -5]},
			"faces": {
				"north": {"uv": [0, 0, 2, 2], "texture": "#0"},
				"east": {"uv": [0, 12.125, 9.25, 12.875], "texture": "#0"},
				"south": {"uv": [0, 0, 2, 2], "texture": "#0"},
				"west": {"uv": [0, 12.25, 9.25, 12.875], "texture": "#0"},
				"up": {"uv": [6, 12.5, 6.75, 16], "texture": "#0"},
				"down": {"uv": [6.75, 12.875, 7.5, 15.625], "texture": "#0"}
			}
		},
		{
			"from": [3, 12, -8],
			"to": [7, 16, -5],
			"rotation": {"angle": 0, "axis": "y", "origin": [3, 12, -8]},
			"faces": {
				"north": {"uv": [6.5, 4.5, 8, 6.125], "texture": "#0"},
				"east": {"uv": [4.75, 0, 7.75, 2.5], "texture": "#0"},
				"south": {"uv": [4.625, 0, 6.75, 2.625], "texture": "#0"},
				"west": {"uv": [4.25, 0, 7.25, 2.625], "texture": "#0"},
				"up": {"uv": [4.5, 0.125, 8.5, 3.125], "texture": "#0"},
				"down": {"uv": [4.375, 0, 8.375, 3], "texture": "#0"}
			}
		},
		{
			"from": [4, 13, 19],
			"to": [6, 14, 20],
			"rotation": {"angle": 0, "axis": "y", "origin": [4, 13, 19]},
			"faces": {
				"north": {"uv": [3.5, 8.25, 5.5, 9.25], "texture": "#0"},
				"east": {"uv": [3.5, 7.75, 4.5, 8.75], "texture": "#0"},
				"south": {"uv": [3.5, 8.125, 5.5, 9.125], "texture": "#0"},
				"west": {"uv": [4.375, 7.875, 5.375, 8.875], "texture": "#0"},
				"up": {"uv": [3.75, 7.875, 5.75, 8.875], "texture": "#0"},
				"down": {"uv": [3.375, 8, 5.375, 9], "texture": "#0"}
			}
		},
		{
			"from": [2, 13, 20],
			"to": [8, 17, 29],
			"rotation": {"angle": 0, "axis": "z", "origin": [2, 13, 20]},
			"faces": {
				"north": {"uv": [0, 12.25, 2.375, 13.25], "texture": "#0"},
				"east": {"uv": [0, 10.875, 2.875, 12], "rotation": 180, "texture": "#0"},
				"south": {"uv": [5.25, 8.75, 6.125, 9.25], "texture": "#0"},
				"west": {"uv": [0, 10.875, 2.875, 12], "texture": "#0"},
				"up": {"uv": [0, 10.875, 2.875, 12], "rotation": 90, "texture": "#0"},
				"down": {"uv": [0, 10.875, 2.875, 12], "rotation": 270, "texture": "#0"}
			}
		},
		{
			"from": [10, 2, 15],
			"to": [18, 8, 16],
			"rotation": {"angle": 0, "axis": "y", "origin": [10, 2, 15]},
			"faces": {
				"north": {"uv": [2.8625, 7.1875, 6.3625, 9.6875], "texture": "#0"},
				"east": {"uv": [8.5, 4.125, 9.125, 6.5], "texture": "#0"},
				"south": {"uv": [4.375, 4.25, 7.125, 6.375], "texture": "#0"},
				"west": {"uv": [8.5, 3.875, 9, 6.625], "texture": "#0"},
				"up": {"uv": [7.875, 4, 4.5, 3.625], "texture": "#0"},
				"down": {"uv": [8, 3.5, 4.75, 4], "texture": "#0"}
			}
		}
	],
	"display": {
		"thirdperson_righthand": {
			"rotation": [0, 180, 0],
			"translation": [-1.5, 2.25, 0],
			"scale": [0.4, 0.4, 0.4]
		},
		"thirdperson_lefthand": {
			"rotation": [0, 180, 0],
			"translation": [0.75, 2.25, 0],
			"scale": [0.4, 0.4, 0.4]
		},
		"firstperson_righthand": {
			"rotation": [0, 180, 0],
			"translation": [9, 0, 0]
		},
		"firstperson_lefthand": {
			"rotation": [0, 180, 0],
			"translation": [16, 0, 0]
		},
		"ground": {
			"scale": [0.5, 0.5, 0.5]
		},
		"gui": {
			"rotation": [0, -51, 0],
			"translation": [2, 0, 0],
			"scale": [0.5, 0.5, 0.5]
		},
		"head": {
			"rotation": [0, 180, 0],
			"translation": [8.25, -1.5, -2.25],
			"scale": [0.7, 0.7, 0.7]
		},
		"fixed": {
			"rotation": [0, 90, 0],
			"translation": [-1.25, 0, -1],
			"scale": [0.5, 0.5, 0.5]
		}
	}
}