{
  "parent": "minecraft:block/orientable",
  "textures": {
    "top": "minecraft:block/pumpkin_top",
    "front": "minecraft:block/carved_pumpkin",
    "side": "minecraft:block/pumpkin_side"
  },
    "overrides": [
    {"predicate": {"custom_model_data": 1}, "model": "item/bighat"},
    {"predicate": {"custom_model_data": 2}, "model": "item/creeper_costum"},
    {"predicate": {"custom_model_data": 3}, "model": "item/cash"},
    {"predicate": {"custom_model_data": 4}, "model": "item/miner"},
    {"predicate": {"custom_model_data": 5}, "model": "item/sanad"},
    {"predicate": {"custom_model_data": 6}, "model": "item/balloon"},
    {"predicate": {"custom_model_data": 7}, "model": "item/mask"},
    {"predicate": {"custom_model_data": 120001}, "model": "item/winner_cup"},
    {"predicate": {"custom_model_data": 120002}, "model": "item/mic"},
    {"predicate": {"custom_model_data": 120003}, "model": "item/camera"},
    {"predicate": {"custom_model_data": 140801}, "model": "item/asa"},
    {"predicate": {"custom_model_data": 600003}, "model": "item/sherriff_hat"}
    ]
}
