{
	"credit": "Made with Blockbench",
	"texture_size": [64, 64],
	"textures": {
		"0": "item/mask",
		"particle": "item/mask"
	},
	"elements": [
		{
			"from": [0, 0, 0],
			"to": [1, 9, 9],
			"faces": {
				"north": {"uv": [10.03378, 9.16892, 10.40541, 12.75676], "texture": "#0"},
				"east": {"uv": [0, 3.98649, 3.34459, 7.57432], "texture": "#0"},
				"south": {"uv": [9.29054, 10.76351, 9.66216, 14.35135], "texture": "#0"},
				"west": {"uv": [3.34459, 3.98649, 6.68919, 7.57432], "texture": "#0"},
				"up": {"uv": [10.03378, 14.35135, 9.66216, 10.76351], "texture": "#0"},
				"down": {"uv": [0.37162, 11.16216, 0, 14.75], "texture": "#0"}
			}
		},
		{
			"from": [8, 0, 0],
			"to": [9, 9, 9],
			"rotation": {"angle": 0, "axis": "y", "origin": [8, 0, 0]},
			"faces": {
				"north": {"uv": [0.37162, 11.16216, 0.74324, 14.75], "texture": "#0"},
				"east": {"uv": [6.68919, 0, 10.03378, 3.58784], "texture": "#0"},
				"south": {"uv": [0.74324, 11.16216, 1.11486, 14.75], "texture": "#0"},
				"west": {"uv": [6.68919, 3.58784, 10.03378, 7.17568], "texture": "#0"},
				"up": {"uv": [1.48649, 14.75, 1.11486, 11.16216], "texture": "#0"},
				"down": {"uv": [1.85811, 11.16216, 1.48649, 14.75], "texture": "#0"}
			}
		},
		{
			"from": [0, 0, -1],
			"to": [9, 9, 0],
			"faces": {
				"north": {"uv": [6.68919, 7.17568, 10.03378, 10.76351], "texture": "#0"},
				"east": {"uv": [1.85811, 11.16216, 2.22973, 14.75], "texture": "#0"},
				"south": {"uv": [0, 7.57432, 3.34459, 11.16216], "texture": "#0"},
				"west": {"uv": [2.22973, 11.16216, 2.60135, 14.75], "texture": "#0"},
				"up": {"uv": [5.94595, 11.56081, 2.60135, 11.16216], "texture": "#0"},
				"down": {"uv": [13.75, 9.16892, 10.40541, 9.56757], "texture": "#0"}
			}
		},
		{
			"from": [0, 0, 9],
			"to": [9, 4, 10],
			"rotation": {"angle": 0, "axis": "y", "origin": [0, 0, 10]},
			"faces": {
				"north": {"uv": [10.03378, 3.58784, 13.37838, 5.18243], "texture": "#0"},
				"east": {"uv": [5.94595, 7.57432, 6.31757, 9.16892], "texture": "#0"},
				"south": {"uv": [10.03378, 5.18243, 13.37838, 6.77703], "texture": "#0"},
				"west": {"uv": [6.31757, 7.57432, 6.68919, 9.16892], "texture": "#0"},
				"up": {"uv": [13.75, 10.76351, 10.40541, 10.36486], "texture": "#0"},
				"down": {"uv": [13.75, 10.76351, 10.40541, 11.16216], "texture": "#0"}
			}
		},
		{
			"from": [0, 6, 9],
			"to": [9, 10, 10],
			"rotation": {"angle": 0, "axis": "y", "origin": [0, 6, 10]},
			"faces": {
				"north": {"uv": [5.94595, 10.76351, 9.29054, 12.35811], "texture": "#0"},
				"east": {"uv": [5.94595, 9.16892, 6.31757, 10.76351], "texture": "#0"},
				"south": {"uv": [10.03378, 6.77703, 13.37838, 8.37162], "texture": "#0"},
				"west": {"uv": [6.31757, 9.16892, 6.68919, 10.76351], "texture": "#0"},
				"up": {"uv": [13.75, 11.56081, 10.40541, 11.16216], "texture": "#0"},
				"down": {"uv": [5.94595, 11.56081, 2.60135, 11.95946], "texture": "#0"}
			}
		},
		{
			"from": [0, 4, 9],
			"to": [2, 6, 10],
			"rotation": {"angle": 0, "axis": "y", "origin": [0, 4, 10]},
			"faces": {
				"north": {"uv": [7.43243, 12.35811, 8.17568, 13.15541], "texture": "#0"},
				"east": {"uv": [8.91892, 12.35811, 9.29054, 13.15541], "texture": "#0"},
				"south": {"uv": [8.17568, 12.35811, 8.91892, 13.15541], "texture": "#0"},
				"west": {"uv": [4.83108, 12.75676, 5.2027, 13.55405], "texture": "#0"},
				"up": {"uv": [12.63514, 12.75676, 11.89189, 12.35811], "texture": "#0"},
				"down": {"uv": [12.63514, 12.75676, 11.89189, 13.15541], "texture": "#0"}
			}
		},
		{
			"from": [7, 4, 9],
			"to": [9, 6, 10],
			"rotation": {"angle": 0, "axis": "y", "origin": [7, 4, 10]},
			"faces": {
				"north": {"uv": [10.40541, 12.35811, 11.14865, 13.15541], "texture": "#0"},
				"east": {"uv": [10.03378, 12.75676, 10.40541, 13.55405], "texture": "#0"},
				"south": {"uv": [11.14865, 12.35811, 11.89189, 13.15541], "texture": "#0"},
				"west": {"uv": [2.60135, 13.15541, 2.97297, 13.9527], "texture": "#0"},
				"up": {"uv": [3.71622, 13.55405, 2.97297, 13.15541], "texture": "#0"},
				"down": {"uv": [4.45946, 13.15541, 3.71622, 13.55405], "texture": "#0"}
			}
		},
		{
			"from": [3, 2, 10],
			"to": [6, 4, 11],
			"rotation": {"angle": 0, "axis": "y", "origin": [3, 2, 11]},
			"faces": {
				"north": {"uv": [5.2027, 12.35811, 6.31757, 13.15541], "texture": "#0"},
				"east": {"uv": [4.45946, 13.15541, 4.83108, 13.9527], "texture": "#0"},
				"south": {"uv": [6.31757, 12.35811, 7.43243, 13.15541], "texture": "#0"},
				"west": {"uv": [5.2027, 13.15541, 5.57432, 13.9527], "texture": "#0"},
				"up": {"uv": [3.71622, 13.15541, 2.60135, 12.75676], "texture": "#0"},
				"down": {"uv": [4.83108, 12.75676, 3.71622, 13.15541], "texture": "#0"}
			}
		},
		{
			"from": [1, 10, 0],
			"to": [8, 11, 9],
			"rotation": {"angle": 0, "axis": "y", "origin": [1, 10, 1]},
			"faces": {
				"north": {"uv": [10.40541, 11.95946, 13.00676, 12.35811], "texture": "#0"},
				"east": {"uv": [10.40541, 11.56081, 13.75, 11.95946], "texture": "#0"},
				"south": {"uv": [2.60135, 12.35811, 5.2027, 12.75676], "texture": "#0"},
				"west": {"uv": [2.60135, 11.95946, 5.94595, 12.35811], "texture": "#0"},
				"up": {"uv": [5.94595, 11.16216, 3.34459, 7.57432], "texture": "#0"},
				"down": {"uv": [12.63514, 0, 10.03378, 3.58784], "texture": "#0"}
			}
		},
		{
			"from": [0, 9, -1],
			"to": [9, 10, 9],
			"rotation": {"angle": 0, "axis": "y", "origin": [0, 9, -1]},
			"faces": {
				"north": {"uv": [10.40541, 9.56757, 13.75, 9.96622], "texture": "#0"},
				"east": {"uv": [10.03378, 8.37162, 13.75, 8.77027], "texture": "#0"},
				"south": {"uv": [10.40541, 9.96622, 13.75, 10.36486], "texture": "#0"},
				"west": {"uv": [10.03378, 8.77027, 13.75, 9.16892], "texture": "#0"},
				"up": {"uv": [3.34459, 3.98649, 0, 0], "texture": "#0"},
				"down": {"uv": [6.68919, 0, 3.34459, 3.98649], "texture": "#0"}
			}
		}
	],
	"display": {
		"thirdperson_righthand": {
			"scale": [0.17, 0.65, 0.5]
		},
		"thirdperson_lefthand": {
			"scale": [0.17, 0.65, 0.5]
		},
		"firstperson_righthand": {
			"rotation": [-11, -35, 0],
			"translation": [5, 6.25, 0],
			"scale": [0.72, 1.1, 0.41]
		},
		"firstperson_lefthand": {
			"rotation": [-11, -35, 0],
			"translation": [-0.75, 6.25, 0],
			"scale": [0.72, 1.1, 0.41]
		},
		"ground": {
			"translation": [5, 7.5, 2.5]
		},
		"gui": {
			"translation": [3, 2.5, 0]
		},
		"head": {
			"rotation": [0, 180, 0],
			"translation": [-5.25, 4, -4.5],
			"scale": [1.59, 1.39, 1.25]
		},
		"fixed": {
			"rotation": [0, 180, 0],
			"translation": [-4, 3.25, 0]
		}
	}
}