{
	"credit": "Made with Blockbench",
	"texture_size": [128, 128],
	"textures": {
		"0": "item/miner/miner"
	},
	"elements": [
		{
			"name": "bottom",
			"from": [-3, 0, -3],
			"to": [19, 2, 19],
			"faces": {
				"north": {"uv": [2.75, 2.75, 5.5, 3], "texture": "#0"},
				"east": {"uv": [0, 2.75, 2.75, 3], "texture": "#0"},
				"south": {"uv": [8.25, 2.75, 11, 3], "texture": "#0"},
				"west": {"uv": [5.5, 2.75, 8.25, 3], "texture": "#0"},
				"up": {"uv": [5.5, 2.75, 2.75, 0], "texture": "#0"},
				"down": {"uv": [8.25, 0, 5.5, 2.75], "texture": "#0"}
			}
		},
		{
			"name": "top",
			"from": [0, 2, 0],
			"to": [16, 10, 16],
			"faces": {
				"north": {"uv": [2, 5, 4, 6], "texture": "#0"},
				"east": {"uv": [0, 5, 2, 6], "texture": "#0"},
				"south": {"uv": [6, 5, 8, 6], "texture": "#0"},
				"west": {"uv": [4, 5, 6, 6], "texture": "#0"},
				"up": {"uv": [4, 5, 2, 3], "texture": "#0"},
				"down": {"uv": [6, 3, 4, 5], "texture": "#0"}
			}
		},
		{
			"name": "light",
			"from": [3, 2, -2],
			"to": [13, 12, 0],
			"faces": {
				"north": {"uv": [0.25, 6.25, 1.5, 7.5], "texture": "#0"},
				"east": {"uv": [0, 6.25, 0.25, 7.5], "texture": "#0"},
				"south": {"uv": [1.75, 6.25, 3, 7.5], "texture": "#0"},
				"west": {"uv": [1.5, 6.25, 1.75, 7.5], "texture": "#0"},
				"up": {"uv": [1.5, 6.25, 0.25, 6], "texture": "#0"},
				"down": {"uv": [2.75, 6, 1.5, 6.25], "texture": "#0"}
			}
		}
	],
	"display": {
		"thirdperson_righthand": {
			"rotation": [75, 45, 0],
			"translation": [0, 2.5, 0],
			"scale": [0.375, 0.375, 0.375]
		},
		"thirdperson_lefthand": {
			"rotation": [75, 45, 0],
			"translation": [0, 2.5, 0],
			"scale": [0.375, 0.375, 0.375]
		},
		"firstperson_righthand": {
			"rotation": [0, 45, 0],
			"scale": [0.4, 0.4, 0.4]
		},
		"firstperson_lefthand": {
			"rotation": [0, 45, 0],
			"scale": [0.4, 0.4, 0.4]
		},
		"ground": {
			"translation": [0, 3, 0],
			"scale": [0.75, 0.75, 0.75]
		},
		"gui": {
			"rotation": [30, 225, 0],
			"translation": [0, 1.5, 0],
			"scale": [0.5, 0.5, 0.5]
		},
		"head": {
			"translation": [0, 9.75, 0]
		},
		"fixed": {
			"rotation": [-87, 9, 0],
			"translation": [0, 0.25, -4],
			"scale": [0.5, 0.5, 0.5]
		}
	},
	"groups": [
		{
			"name": "miner",
			"origin": [8, 8, 8],
			"color": 0,
			"children": [0, 1, 2]
		}
	]
}