{
	"credit": "Made with Blockbench",
	"texture_size": [8, 8],
	"textures": {
		"0": "item/winner_cup",
		"particle": "item/winner_cup"
	},
	"elements": [
		{
			"from": [0, 0, 0],
			"to": [6, 3, 6],
			"faces": {
				"north": {"uv": [0, 2, 6, 5], "texture": "#0"},
				"east": {"uv": [0, 2, 6, 5], "texture": "#0"},
				"south": {"uv": [0, 2, 6, 5], "texture": "#0"},
				"west": {"uv": [0, 2, 6, 5], "texture": "#0"},
				"up": {"uv": [6, 0, 12, 5], "texture": "#0"},
				"down": {"uv": [6, 0, 12, 5], "texture": "#0"}
			}
		},
		{
			"from": [1, 3, 1],
			"to": [5, 7, 5],
			"rotation": {"angle": 0, "axis": "y", "origin": [1, 3, 1]},
			"faces": {
				"north": {"uv": [9, 12, 13, 16], "texture": "#0"},
				"east": {"uv": [9, 12, 13, 16], "texture": "#0"},
				"south": {"uv": [9, 12, 13, 16], "texture": "#0"},
				"west": {"uv": [9, 12, 13, 16], "texture": "#0"},
				"up": {"uv": [9, 12, 13, 16], "texture": "#0"},
				"down": {"uv": [9, 12, 13, 16], "texture": "#0"}
			}
		},
		{
			"from": [2, 7, 2],
			"to": [4, 11, 4],
			"rotation": {"angle": 0, "axis": "y", "origin": [2, 7, 2]},
			"faces": {
				"north": {"uv": [13, 7, 16, 12], "texture": "#0"},
				"east": {"uv": [13, 7, 16, 12], "texture": "#0"},
				"south": {"uv": [13, 7, 16, 12], "texture": "#0"},
				"west": {"uv": [13, 7, 16, 12], "texture": "#0"},
				"up": {"uv": [12, 2, 16, 6], "texture": "#0"},
				"down": {"uv": [12, 2, 16, 6], "texture": "#0"}
			}
		},
		{
			"from": [-1, 11, -1],
			"to": [7, 22, 7],
			"rotation": {"angle": 0, "axis": "y", "origin": [-1, 11, -1]},
			"faces": {
				"north": {"uv": [0, 5, 9, 16], "texture": "#0"},
				"east": {"uv": [0, 5, 9, 16], "texture": "#0"},
				"south": {"uv": [0, 5, 9, 16], "texture": "#0"},
				"west": {"uv": [0, 5, 9, 16], "texture": "#0"},
				"up": {"uv": [9, 7, 14, 12], "texture": "#0"},
				"down": {"uv": [13, 1, 16, 5], "texture": "#0"}
			}
		},
		{
			"from": [3, 14, 7],
			"to": [3, 15, 9],
			"rotation": {"angle": 0, "axis": "y", "origin": [3, 14, 7]},
			"faces": {
				"north": {"uv": [0, 0, 0, 2], "texture": "#0"},
				"east": {"uv": [12, 2, 16, 4], "texture": "#0"},
				"south": {"uv": [0, 0, 0, 2], "texture": "#0"},
				"west": {"uv": [13.75, 0.75, 15.08333, 1.75], "texture": "#0"},
				"up": {"uv": [0, 0, 0, 4], "texture": "#0"},
				"down": {"uv": [0, 0, 0, 4], "texture": "#0"}
			}
		},
		{
			"from": [3, 9, 7],
			"to": [3, 10, 9],
			"rotation": {"angle": 0, "axis": "y", "origin": [3, 9, 7]},
			"faces": {
				"north": {"uv": [0, 0, 0, 2], "texture": "#0"},
				"east": {"uv": [12, 2, 16, 4], "texture": "#0"},
				"south": {"uv": [0, 0, 0, 2], "texture": "#0"},
				"west": {"uv": [13.75, 0.75, 15.08333, 1.75], "texture": "#0"},
				"up": {"uv": [0, 0, 0, 4], "texture": "#0"},
				"down": {"uv": [0, 0, 0, 4], "texture": "#0"}
			}
		},
		{
			"from": [3, 8, 4],
			"to": [3, 9, 7],
			"rotation": {"angle": 0, "axis": "y", "origin": [3, 8, 4]},
			"faces": {
				"north": {"uv": [0, 0, 0, 2], "texture": "#0"},
				"east": {"uv": [2, 8, 8, 10], "texture": "#0"},
				"south": {"uv": [0, 0, 0, 2], "texture": "#0"},
				"west": {"uv": [13.75, 0.75, 15.75, 1.75], "texture": "#0"},
				"up": {"uv": [0, 0, 0, 6], "texture": "#0"},
				"down": {"uv": [0, 0, 0, 6], "texture": "#0"}
			}
		},
		{
			"from": [3, 10, 8],
			"to": [3, 11, 9],
			"rotation": {"angle": 0, "axis": "y", "origin": [3, 10, 8]},
			"faces": {
				"north": {"uv": [0, 0, 0, 2], "texture": "#0"},
				"east": {"uv": [7, 8, 9, 10], "texture": "#0"},
				"south": {"uv": [0, 0, 0, 2], "texture": "#0"},
				"west": {"uv": [13.75, 0.75, 14.41667, 1.75], "texture": "#0"},
				"up": {"uv": [0, 0, 0, 2], "texture": "#0"},
				"down": {"uv": [0, 0, 0, 2], "texture": "#0"}
			}
		},
		{
			"from": [3, 10, 9],
			"to": [3, 14, 10],
			"rotation": {"angle": 0, "axis": "y", "origin": [3, 10, 9]},
			"faces": {
				"north": {"uv": [0, 0, 0, 8], "texture": "#0"},
				"east": {"uv": [14, 0, 16, 8], "texture": "#0"},
				"south": {"uv": [0, 0, 0, 8], "texture": "#0"},
				"west": {"uv": [13.75, 0.75, 14.41667, 4.75], "texture": "#0"},
				"up": {"uv": [0, 0, 0, 2], "texture": "#0"},
				"down": {"uv": [0, 0, 0, 2], "texture": "#0"}
			}
		},
		{
			"from": [3, 8, -1],
			"to": [3, 9, 2],
			"rotation": {"angle": 0, "axis": "y", "origin": [3, 8, -1]},
			"faces": {
				"north": {"uv": [0, 0, 0, 2], "texture": "#0"},
				"east": {"uv": [13.75, 0.75, 15.75, 1.75], "texture": "#0"},
				"south": {"uv": [0, 0, 0, 2], "texture": "#0"},
				"west": {"uv": [13.75, 1.75, 15.75, 2.75], "texture": "#0"},
				"up": {"uv": [0, 6, 0, 0], "texture": "#0"},
				"down": {"uv": [0, 0, 0, 6], "texture": "#0"}
			}
		},
		{
			"from": [3, 9, -3],
			"to": [3, 10, -1],
			"rotation": {"angle": 0, "axis": "y", "origin": [3, 9, -3]},
			"faces": {
				"north": {"uv": [0, 0, 0, 2], "texture": "#0"},
				"east": {"uv": [12, 4, 16, 6], "texture": "#0"},
				"south": {"uv": [0, 0, 0, 2], "texture": "#0"},
				"west": {"uv": [13.75, 0.75, 15.08333, 1.75], "texture": "#0"},
				"up": {"uv": [0, 0, 0, 4], "texture": "#0"},
				"down": {"uv": [0, 0, 0, 4], "texture": "#0"}
			}
		},
		{
			"from": [3, 10, -3],
			"to": [3, 11, -2],
			"rotation": {"angle": 0, "axis": "y", "origin": [3, 10, -3]},
			"faces": {
				"north": {"uv": [0, 0, 0, 2], "texture": "#0"},
				"east": {"uv": [4, 7, 6, 9], "texture": "#0"},
				"south": {"uv": [0, 0, 0, 2], "texture": "#0"},
				"west": {"uv": [13.75, 0.75, 14.41667, 1.75], "texture": "#0"},
				"up": {"uv": [0, 0, 0, 2], "texture": "#0"},
				"down": {"uv": [0, 0, 0, 2], "texture": "#0"}
			}
		},
		{
			"from": [3, 10, -4],
			"to": [3, 14, -3],
			"rotation": {"angle": 0, "axis": "y", "origin": [3, 10, -4]},
			"faces": {
				"north": {"uv": [0, 0, 0, 8], "texture": "#0"},
				"east": {"uv": [1, 7, 3, 15], "texture": "#0"},
				"south": {"uv": [0, 0, 0, 8], "texture": "#0"},
				"west": {"uv": [13.75, 0.75, 14.41667, 4.75], "texture": "#0"},
				"up": {"uv": [0, 0, 0, 2], "texture": "#0"},
				"down": {"uv": [0, 0, 0, 2], "texture": "#0"}
			}
		},
		{
			"from": [3, 14, -3],
			"to": [3, 15, -1],
			"rotation": {"angle": 0, "axis": "y", "origin": [3, 14, -3]},
			"faces": {
				"north": {"uv": [0, 0, 0, 2], "texture": "#0"},
				"east": {"uv": [5, 7, 9, 9], "texture": "#0"},
				"south": {"uv": [0, 0, 0, 2], "texture": "#0"},
				"west": {"uv": [13.75, 0.75, 15.08333, 1.75], "texture": "#0"},
				"up": {"uv": [0, 0, 0, 4], "texture": "#0"},
				"down": {"uv": [0, 0, 0, 4], "texture": "#0"}
			}
		}
	],
	"display": {
		"thirdperson_righthand": {
			"rotation": [0, 67, 0],
			"translation": [5.25, -0.25, 0],
			"scale": [0.7, 0.7, 0.7]
		},
		"thirdperson_lefthand": {
			"rotation": [0, 67, 0],
			"translation": [1.5, -0.25, 6.75],
			"scale": [0.7, 0.7, 0.7]
		},
		"firstperson_righthand": {
			"rotation": [0, -106, 0]
		},
		"firstperson_lefthand": {
			"rotation": [0, 43, 0],
			"translation": [10.25, 0, 0.5]
		},
		"ground": {
			"scale": [0.7, 0.7, 0.7]
		},
		"gui": {
			"rotation": [0, 90, 0],
			"translation": [4.75, -2.25, 0],
			"scale": [0.7, 0.7, 0.93]
		},
		"head": {
			"rotation": [0, 90, 0],
			"translation": [5, 23.25, -4.5]
		},
		"fixed": {
			"rotation": [0, 90, 0],
			"translation": [3.75, -2.25, -2.75],
			"scale": [0.5, 0.7, 0.7]
		}
	}
}